Key	content	en	es	pt	fr	ru
ap_ru_tmall_membership_20180719_sub	‚Ä®–°–∫–∏–¥–∫–∏ –¥–ª—è –ø–æ—Å—Ç–æ—è–Ω–Ω—ã—Ö –ø–æ–∫—É–ø–∞—Ç–µ–ª–µ–π!					
ap_es_ae_trivia_20180706_sub	 üòéNumerosos cupones de US $2 y Vidas Extra, para ti y cada amigo al que invites üí∏		 üòéNumerosos cupones de US $2 y Vidas Extra, para ti y cada amigo al que invites üí∏			
ap_dp_homeimprovement_20171112	 Shop these items for a home that will impress and insipire		¬øNecesitas un cambio? Ideas frescas e inspiradoras para presumir de casa	Sem ideias? Separamos op√ß√µes para deixar sua casa igual a da revista ;)	Les meilleurs articles pour la maison de vos r√™ves	–ó–∞—Ç–µ—è–ª–∏ —Ä–µ–º–æ–Ω—Ç? –≠—Ç–∞ —Ä–∞—Å–ø—Ä–æ–¥–∞–∂–∞ - –¥–ª—è –≤–∞—Å!
ap_cp_f_women_clothing_20180705_sub	 Shop trending styles this season		Manual de estilo de los festivales	As tend√™ncias chegaram	Les nouvelles tendances mode sont arriv√©es!	–ù–æ–≤—ã–µ —Ç—Ä–µ–Ω–¥—ã —É–∂–µ –∑–¥–µ—Å—å!
ap_dp_babytoys_20180225_sub	 We know being a super parent is hard		Para s√∫per mam√°s y pap√°s	Para os super pais e m√£es!	Pour les super papas et mamans!	–ö–∞–∫ –ø–æ—Ä–∞–¥–æ–≤–∞—Ç—å —Å–µ–±—è –∏ —Ä–µ–±—ë–Ω–∫–∞ –≤—Å–µ–≥–æ –∑–∞ $1
ap_cp_fashion50%off_20180315_main	' Women''s Favorites'		Perfecto para ellas	O que as Mulheres querem	Ce que veulent les Femmes	–ß–µ–≥–æ —Ö–æ—Ç—è—Ç –∂–µ–Ω—â–∏–Ω—ã?
ap_bloggersrank_20170627	 –ê —Ç—ã –≤–æ—à—ë–ª –≤ –∏—é–Ω—å—Å–∫–∏–π —Ä–µ–π—Ç–∏–Ω–≥ –∞–≤—Ç–æ—Ä–æ–≤? –£–∑–Ω–∞–π —Å–µ–π—á–∞—Å					
ap_ru_tmall_BTSmain_20180810_sub	 –í—ã–±–∏—Ä–∞–π —Ç–µ—Ö–Ω–∏–∫—É –∏ —Å–º–∞—Ä—Ç—Ñ–æ–Ω—ã —Å–æ —Å–∫–∏–¥–∫–æ–π –¥–æ 60%					
ap_island_dp_Jewelry_20180718_main	 –ì–¥–µ —Ö—Ä–∞–Ω–∏—Ç—å —Å–≤–æ–∏ —Å–æ–∫—Ä–æ–≤–∏—â–∞?					
ap_ru_aliquiz_20180526_sub	 –ü–æ–ª—á–∞—Å–∞, 12 –≤–æ–ø—Ä–æ—Å–æ–≤ –∏ —Ç—ã –ø–æ–±–µ–¥–∏—Ç–µ–ª—å!					 –ü–æ–ª—á–∞—Å–∞, 12 –≤–æ–ø—Ä–æ—Å–æ–≤ –∏ —Ç—ã –ø–æ–±–µ–¥–∏—Ç–µ–ª—å!
ap_ru_recharge_discount_20180822main	 –ü–æ–ø–æ–ª–Ω–∏ –±–∞–ª–∞–Ω—Å –≤—ã–≥–æ–¥–Ω–æ!					
ap_ru_recharge_discount_20180822sub	 –°–∫–∏–¥–∫–∞ —Å–∞–º–æ–º—É –±—ã—Å—Ç—Ä–æ–º—É. –ü–æ–ø—Ä–æ–±—É–µ—à—å?					
ap_ru_xiaomi_20180421_sub	-25% –Ω–∞ —Å–º–∞—Ä—Ç—Ñ–æ–Ω—ã Xiaomi. –¢–æ–ª—å–∫–æ 21 –∞–ø—Ä–µ–ª—è!					
ap_ru_tmkidspg_20180313_main	-50% –¥–ª—è —Å—É–ø–µ—Ä-–º–∞–º!					
ap_es_plaza_appliances_20170614	¬°6 art√≠culos para mejorar tu calidad de vida con env√≠o desde Espa√±a!					
ap_es_ae_trivia_31_20180714_main	¬°A por el bote! üí∞		¬°A por el bote! üí∞			
ap_es_daily_category_201808011_sub	¬°Aprovecha esta promo de verano cuanto antes!					
ap_kissingday_es	¬°Celebra el D√≠a Internacional del Beso! Prepara esos morritos aqu√≠					
ap_328_es_main_20180320_main	¬°Celebra nuestro aniversario en Plaza!					
ap_es_monitors_20180809_main	¬°Dale a Full HD este verano!					
ap_es_ilife_20180117	¬°Deja que limpie por ti! Hazte con tu robot de limpieza ILIFE con entrega en 2-5 d√≠as.					
ap_es_phone_recharge_20180618_sub	¬°Descuento de 1‚Ç¨ si eres nuevo usuario!		¬°Descuento de 1‚Ç¨ si eres nuevo usuario!			
